antwerpen,/kot-antwerpen/wolstraat-1,395,40,51.22151950,4.40373700
antwerpen,/kot-antwerpen/elisabethlaan-1,425,24,51.18897040,4.42342580
antwerpen,/kot-antwerpen/lange-winkelstraat-2,345,18,51.22235630,4.41318130
antwerpen,/kot-antwerpen/kipdorp-7,470,20,51.22074710,4.40972420
antwerpen,/kot-antwerpen/paardenmarkt-19,420,21,51.22508410,4.41032030
antwerpen,/kot-antwerpen/provinciestraat-10,320,15,51.21617090,4.42619600
antwerpen,/kot-antwerpen/stijfselrui-4,525,30,51.22595500,4.41289180
antwerpen,/kot-antwerpen/schildersstraat-1,560,50,51.20877040,4.39610940
antwerpen,/kot-antwerpen/steenbergstraat-3,340,16,51.21462010,4.39811210
antwerpen,/kot-antwerpen/korte-achteromstraat-2,390,16,51.20314620,4.39634040
antwerpen,/kot-antwerpen/korte-achteromstraat-1,395,17,51.20314620,4.39634040
antwerpen,/kot-antwerpen/korte-achteromstraat-6,400,25,51.20314620,4.39634040
antwerpen,/kot-antwerpen/blindestraat-4,675,30,51.22250560,4.40768990
antwerpen,/kot-antwerpen/salm-salmstraat,535,40,51.21525510,4.39807600
antwerpen,/kot-antwerpen/august-michielsstraat-1,377,25,51.23165050,4.41173890
antwerpen,/kot-antwerpen/justitiestraat,377,25,51.20952420,4.40710210
antwerpen,/kot-antwerpen/paardenmarkt-25,430,20,51.22486720,4.40940810
antwerpen,/kot-antwerpen/keizerstraat-6,430,16,51.22181480,4.40651530
antwerpen,/kot-antwerpen/kipdorpvest-4,430,16,51.21721780,4.41384510
antwerpen,/kot-antwerpen/kleine-kauwenberg-2,450,20,51.22410330,4.41198980
antwerpen,/kot-antwerpen/predikerinnenstraat,295,13,51.22389160,4.40453110
antwerpen,/kot-antwerpen/miraeusstraat-2,320,16,51.20637030,4.40001070
antwerpen,/kot-antwerpen/klapdorp-5,395,20,51.22374960,4.40342010
antwerpen,/kot-antwerpen/italilei-18,450,25,51.22306280,4.41555140
antwerpen,/kot-antwerpen/kipdorpvest-7,450,25,51.21721780,4.41384510
antwerpen,/kot-antwerpen/kipdorpvest-15,595,30,51.21721780,4.41384510
antwerpen,/kot-antwerpen/kipdorpvest-8,650,38,51.21721780,4.41384510
antwerpen,/kot-antwerpen/steenbergstraat-1,450,25,51.21472690,4.39804670
antwerpen,/kot-antwerpen/kipdorpvest-11,400,27,51.21721780,4.41384510
antwerpen,/kot-antwerpen/jan-palfijnstraat-2,250,20,51.22286090,4.43100880
antwerpen,/kot-antwerpen/heistraat-15,499,26,51.17378560,4.39403680
antwerpen,/kot-antwerpen/bredastraat-12,410,20,51.23388490,4.42315640
antwerpen,/kot-antwerpen/keizerstraat-16,395,21,51.22181480,4.40651530
antwerpen,/kot-antwerpen/tabakvest-3,375,9,51.21292320,4.40889260
antwerpen,/kot-antwerpen/begijnenstraat,450,30,51.21250220,4.40100950
antwerpen,/kot-antwerpen/ellermanstraat-,555,30,51.22977720,4.41443410
antwerpen,/kot-antwerpen/lange-lozanastraat,400,20,51.20030750,4.40663220
antwerpen,/kot-antwerpen/rodestraat-10,394,17,51.22351890,4.41395440
antwerpen,/kot-antwerpen/bredabaan,300,95,51.24022130,4.43822710
antwerpen,/kot-antwerpen/klaproosstraat-1,335,18,51.17030720,4.40670940
antwerpen,/kot-antwerpen/italielei-18,435,21,51.22645020,4.41492760
antwerpen,/kot-antwerpen/italielei-2,415,17,51.22650090,4.41490740
antwerpen,/kot-antwerpen/bredastraat,345,15,51.23394890,4.42325420
antwerpen,/kot-antwerpen/lange-riddersstraat-5,400,22,51.21594050,4.39655760
antwerpen,/kot-antwerpen/desguinlei-6,350,25,51.19279960,4.40805580
antwerpen,/kot-antwerpen/leeuwerik,400,20,51.21297310,4.42425630
antwerpen,/kot-antwerpen/bredastraat-1,490,23,51.23394890,4.42325420
antwerpen,/kot-antwerpen/bredastraat-10,400,18,51.23394890,4.42325420
antwerpen,/kot-antwerpen/ellermanstraat-park-spoor-noord-1,530,30,51.22986850,4.42603780
antwerpen,/kot-antwerpen/paardenmarkt-24,600,32,51.22486720,4.40940810
antwerpen,/kot-antwerpen/schuurveldlaan-1,385,16,51.15465260,4.39287010
antwerpen,/kot-antwerpen/heistraat-14,295,12,51.17222050,4.39414120
antwerpen,/kot-antwerpen/vekestraat,475,20,51.22472300,4.40996530
antwerpen,/kot-antwerpen/damplein-3,590,50,51.23195480,4.42475150
antwerpen,/kot-antwerpen/klaproosstr,420,40,51.17024580,4.40632480
antwerpen,/kot-antwerpen/mertens-en-torfstraat-2,515,25,51.20822200,4.40731520
antwerpen,/kot-antwerpen/van-maerlantstraat-6,290,15,51.22302990,4.41760480
antwerpen,/kot-antwerpen/korte-achteromstraat--1,390,17,51.20314760,4.39632970
antwerpen,/kot-antwerpen/provinciestraat-8,260,12,51.21724630,4.42728390
antwerpen,/kot-antwerpen/prekersstraat-1,330,15,51.21388100,4.39772380
antwerpen,/kot-antwerpen/de-marbaixstraat-8,300,15,51.22793190,4.43725160
antwerpen,/kot-antwerpen/genuastraat-2,415,16,51.23388050,4.41120030
antwerpen,/kot-antwerpen/boomsesteenweg-3,362,26,51.16705390,4.38569530
antwerpen,/kot-antwerpen/paleisstraat-7,450,25,51.20585690,4.39796270
antwerpen,/kot-antwerpen/boudewijnsstraat-5,360,23,51.20579060,4.39956860
antwerpen,/kot-antwerpen/mertens-en-torfstraat-1,399,12,51.20822200,4.40731520
antwerpen,/kot-antwerpen/pretstraat-2,320,18,51.22634800,4.41726090
antwerpen,/kot-antwerpen/samberstraat-1,350,22,51.23408320,4.42861300
antwerpen,/kot-antwerpen/kloosterstraat-2,335,12,51.21579710,4.39495990
antwerpen,/kot-antwerpen/aalmoezenierstraat-2,435,16,51.21443030,4.39886250
antwerpen,/kot-antwerpen/reyndersstraat-2,435,20,51.21907440,4.39927910
antwerpen,/kot-antwerpen/stadswaag-3,450,20,51.22379830,4.40721860
antwerpen,/kot-antwerpen/italielei-15,425,22,51.22650090,4.41490740
antwerpen,/kot-antwerpen/aarschotstraat-5,375,13,51.20675530,4.40861930
antwerpen,/kot-antwerpen/de-beuckerstraat,260,10,51.19860940,4.39218740
antwerpen,/kot-antwerpen/bredastraat-9,385,24,51.23388490,4.42315640
antwerpen,/kot-antwerpen/burburestraat,560,30,51.20865700,4.39268300
antwerpen,/kot-antwerpen/eliaertsstraat-2,330,13,51.21445690,4.43386590
antwerpen,/kot-antwerpen/eliaertsstraat,330,13,51.21445690,4.43386590
antwerpen,/kot-antwerpen/lange-dijkstraat,410,40,51.22956160,4.42041600
antwerpen,/kot-antwerpen/vekestraat-7,475,18,51.22472300,4.40996530
antwerpen,/kot-antwerpen/vekestraat-4,475,18,51.22472300,4.40996530
antwerpen,/kot-antwerpen/scheldestraat-3,399,30,51.21066750,4.39684740
antwerpen,/kot-antwerpen/ellermanstraat-3,560,33,51.22977720,4.41443410
antwerpen,/kot-antwerpen/bothastraat-1,380,20,51.21429500,4.44027420
antwerpen,/kot-antwerpen/damplein-4,445,31,51.23195480,4.42475150
antwerpen,/kot-antwerpen/damplein-5,445,28,51.23195480,4.42475150
antwerpen,/kot-antwerpen/lange-leemstraat-4,410,18,51.20875230,4.41154230
brugge,/kot-brugge/wittemolenstraat-9,345,18,51.18388470,3.20106210
brugge,/kot-brugge/walweinstraat-1,375,20,51.22014390,3.22674010
brugge,/kot-brugge/walweinstraat-6,400,20,51.22014390,3.22674010
brugge,/kot-brugge/vrijdagmarkt-3,325,13,51.20564380,3.21685060
brugge,/kot-brugge/vrijdagmarkt-1,325,13,51.20564380,3.21685060
brugge,/kot-brugge/smedenstraat-1,380,20,51.20572920,3.21669820
brugge,/kot-brugge/vrijdagmarkt-4,370,16,51.20564380,3.21685060
brugge,/kot-brugge/barrierestraat-1,430,20,51.19525040,3.21225800
brugge,/kot-brugge/komvest-5,360,18,51.21958610,3.22176480
brugge,/kot-brugge/amazonestraat,390,25,51.18614730,3.20381610
brugge,/kot-brugge/sint-jorisstraat-12,445,30,51.21394840,3.22176910
brugge,/kot-brugge/hendrik-consciencelaan,310,24,51.20233500,3.21452750
brugge,/kot-brugge/raamstraat-8,350,24,51.21218150,3.21842040
brugge,/kot-brugge/genthof-2,275,16,51.21261880,3.22691130
brugge,/kot-brugge/krom-genthof-1,350,16,51.21307230,3.22648570
brugge,/kot-brugge/wittemolenstraat-7,425,22,51.18388470,3.20106210
brugge,/kot-brugge/wittemolenstraat-6,345,19,51.18388470,3.20106210
brugge,/kot-brugge/genthof-3,300,22,51.21261880,3.22691130
brugge,/kot-brugge/barrierestraat-2,500,26,51.19525040,3.21225800
brugge,/kot-brugge/sint-baafstraat-3,300,20,51.19960960,3.19984070
brugge,/kot-brugge/sint-pieterskaai,260,20,51.22094390,3.21717600
brugge,/kot-brugge/krom-genthof-2,350,16,51.21307230,3.22648570
brugge,/kot-brugge/guido-gezellestraat-2,390,16,51.20600970,3.21336390
brugge,/kot-brugge/guido-gezellelaan,390,16,51.20600970,3.21336390
brugge,/kot-brugge/prinses-maria-christinalaan,520,50,51.19566510,3.25010780
brugge,/kot-brugge/sint-baafsstraat-43,300,20,51.19960960,3.19984070
brugge,/kot-brugge/werkhuisstraat-9,410,20,51.20304360,3.22873020
brugge,/kot-brugge/canadalaan,325,13,51.19317320,3.21299130
brugge,/kot-brugge/walweinstraat-4,320,13,51.22014390,3.22674010
brugge,/kot-brugge/walweinstraat-2,425,20,51.22014390,3.22674010
brugge,/kot-brugge/hendrik-consciencelaan-,265,13,51.20233500,3.21452750
brugge,/kot-brugge/bilkske,275,20,51.20995140,3.23459510
brugge,/kot-brugge/wittemolenstraat-2,345,18,51.18537600,3.20613340
brugge,/kot-brugge/wittemolenstraat-1,395,23,51.18537600,3.20613340
brugge,/kot-brugge/barrierestraat-3,490,26,51.19525040,3.21225800
brugge,/kot-brugge/sint-baafsstraat-39,300,15,51.19960960,3.19984070
brugge,/kot-brugge/dampoortstraat-1,435,30,51.21539880,3.24030880
brugge,/kot-brugge/sint-jorisstraat-5,450,25,51.21393510,3.22175700
brugge,/kot-brugge/wulfhagestraat-1,345,24,51.20714750,3.21872480
brugge,/kot-brugge/wulfhagestraat,345,24,51.20714750,3.21872480
brugge,/kot-brugge/spanjaardstraat-7,490,26,51.21272890,3.22506290
brugge,/kot-brugge/molenmeers-9,485,21,51.21162900,3.23341910
brugge,/kot-brugge/molenmeers-7,415,17,51.21162900,3.23341910
brugge,/kot-brugge/molenmeers-4,395,19,51.21162900,3.23341910
brugge,/kot-brugge/molenmeers62-6-1,395,15,51.21162900,3.23341910
brugge,/kot-brugge/molenmeers-8,640,33,51.21162900,3.23341910
brugge,/kot-brugge/molenmeers-6,610,29,51.21162900,3.23341910
brugge,/kot-brugge/guido-gezellelaan-1,425,21,51.20590960,3.21328690
brugge,/kot-brugge/jan-miraelstraat-4,395,18,51.21414820,3.22203250
brugge,/kot-brugge/jan-miraelstraat-1,370,17,51.21414820,3.22203250
brugge,/kot-brugge/jan-miraelstraat,370,14,51.21414820,3.22203250
brugge,/kot-brugge/torhoutse-steenweg-2,425,50,51.19480420,3.19899850
brugge,/kot-brugge/guido-gezellestraat-1,650,38,51.20590960,3.21328690
brugge,/kot-brugge/jan-miraelstraat-2,270,14,51.21414820,3.22203250
brugge,/kot-brugge/jan-miraelstraat-3,405,25,51.21414820,3.22203250
brugge,/kot-brugge/walakker-3,250,19,51.18412390,3.21817190
brugge,/kot-brugge/genthof-4,300,25,51.21258730,3.22699320
brugge,/kot-brugge/werkhuisstraat-10,350,30,51.20331270,3.22862570
gent,/kot-gent/victoriastraat-9,420,40,51.03445820,3.72449030
gent,/kot-gent/beneluxplein,557,25,51.04980840,3.70318920
gent,/kot-gent/sint-pietersplein-10,600,45,51.04340240,3.72644200
gent,/kot-gent/guldenspoorstraat-4,320,14,51.04527440,3.72948420
gent,/kot-gent/land-van-waaslaan-5,312,16,51.05811380,3.74549580
gent,/kot-gent/land-van-waaslaan-6,345,16,51.05811380,3.74549580
gent,/kot-gent/land-van-waaslaan-3,655,49,51.05823530,3.74605060
gent,/kot-gent/kanunnikstraat-8,350,18,51.04349930,3.72216690
gent,/kot-gent/tempelhof,320,16,51.05916270,3.72080540
gent,/kot-gent/kanunnikstraat-15,395,16,51.04335240,3.72263890
gent,/kot-gent/kanunnikstraat-19,680,50,51.04335240,3.72263890
gent,/kot-gent/kanunnikstraat-11,755,32,51.04324890,3.72319930
gent,/kot-gent/kanunnikstraat-14,425,20,51.04335240,3.72263890
gent,/kot-gent/madeleine-schauvliegestraat,450,25,51.05984020,3.70769250
gent,/kot-gent/schoonmeerstraat-3,344,15,51.03053760,3.70583700
gent,/kot-gent/driesstraat,770,60,51.03841460,3.74325430
gent,/kot-gent/abdisstraat-4,335,12,51.04318130,3.71326200
gent,/kot-gent/abdisstraat-5,340,13,51.04318130,3.71326200
gent,/kot-gent/vijfwindgatenstraat-4,400,56,51.04477970,3.73513040
gent,/kot-gent/keizersvest-7,260,28,51.04152040,3.73905400
gent,/kot-gent/de-pintelaan-10,450,30,51.03006010,3.72896270
gent,/kot-gent/keizersvest-15,280,12,51.04152040,3.73905400
gent,/kot-gent/keizersvest-12,370,19,51.04152040,3.73905400
gent,/kot-gent/prudens-van-duyseplein,310,45,51.04235980,3.72205760
gent,/kot-gent/coupure-links-5,385,38,51.04914280,3.71158370
gent,/kot-gent/zoutstraat,675,34,51.04753730,3.72156800
gent,/kot-gent/savaanstraat-15,610,65,51.04869060,3.72431660
gent,/kot-gent/kunstlaan-2,365,12,51.04088740,3.72471320
gent,/kot-gent/sint-katelijnestraat,780,65,51.05886830,3.72832190
gent,/kot-gent/karperstraat-4,530,50,51.04651640,3.74217110
gent,/kot-gent/rederijkerstraat-1,330,11,51.04041980,3.76897820
gent,/kot-gent/rederijkerstraat-2,330,10,51.04041980,3.76897820
gent,/kot-gent/e3-plein-5,260,12,51.03581200,3.73706590
gent,/kot-gent/st-pietersnieuwstraat-8,495,30,51.04426740,3.72627260
gent,/kot-gent/antwerpsesteenweg-10,450,120,51.05937760,3.74567590
gent,/kot-gent/uilkensstraat-2,335,12,51.03144000,3.72479530
gent,/kot-gent/frans-ackermanstraat-22,395,18,51.05281930,3.73289080
gent,/kot-gent/voskenslaan-15,950,100,51.02872950,3.70651030
gent,/kot-gent/frans-ackermanstraat-14,395,18,51.05281930,3.73289080
gent,/kot-gent/kanunnikstraat-18,425,20,51.04335240,3.72263890
gent,/kot-gent/kanunnikstraat-17,395,16,51.04335240,3.72263890
gent,/kot-gent/pekelharing-10,330,20,51.04915000,3.71721460
gent,/kot-gent/stropkaai,300,15,51.03311610,3.73371680
gent,/kot-gent/zalmstraat-2,320,14,51.04791950,3.74296580
gent,/kot-gent/zalmstraat-7,420,25,51.04791950,3.74296580
gent,/kot-gent/zalmstraat-4,210,10,51.04791950,3.74296580
gent,/kot-gent/valkeniersstraat,450,53,51.03014220,3.72829460
gent,/kot-gent/ingelandgat-4,285,12,51.05276300,3.71786900
gent,/kot-gent/spiegelhofstraat-7,325,12,51.05324820,3.70353890
gent,/kot-gent/frank-bauerstraat-2,380,20,51.02784810,3.72843150
gent,/kot-gent/sint-michielsstraat-2,290,25,51.05388680,3.71824120
gent,/kot-gent/penitentenstraat-3,355,22,51.05810220,3.72694210
gent,/kot-gent/corneel-heymanslaan-3,415,13,51.02647950,3.72850570
gent,/kot-gent/sint-crispijnstraat-4,285,8,51.05257670,3.71871410
gent,/kot-gent/zwijnaardsesteenweg-28,380,16,51.03665680,3.72644190
gent,/kot-gent/heusdenbaan,330,20,51.02556800,3.77476330
gent,/kot-gent/hmetdepenningenstraat-1,560,30,51.04346210,3.72345100
gent,/kot-gent/hmetdepenningenstraat,400,25,51.04346210,3.72345100
gent,/kot-gent/ottergemsesteenweg-13,1050,89,51.03560670,3.72742090
gent,/kot-gent/kanunnikstraat-13,335,15,51.04335240,3.72263890
gent,/kot-gent/h-metdepenningenstraat-1,615,42,51.04346210,3.72345100
gent,/kot-gent/azaleastraat,360,18,51.06084960,3.75134530
gent,/kot-gent/twaalfkameren-11,270,10,51.05019590,3.71305820
gent,/kot-gent/martelaarslaan-10,420,30,51.04664000,3.71248140
gent,/kot-gent/wilderoosstraat-4,447,16,51.05278690,3.71873360
gent,/kot-gent/achilles-musschestraat,700,50,51.03141190,3.72605000
gent,/kot-gent/elfjulistraat-2,350,12,51.02845740,3.71898660
gent,/kot-gent/molenaarsstraat-12,310,14,51.06202950,3.71786880
gent,/kot-gent/molenaarsstraat-8,385,22,51.06200470,3.71787900
gent,/kot-gent/sint-crispijnstraat-1,290,8,51.05257670,3.71871410
gent,/kot-gent/kerkstraat-9,430,100,51.04524470,3.75673940
gent,/kot-gent/frre-orbanlaan-1,650,77,51.04160310,3.73556410
gent,/kot-gent/gravin-johannastraat-7,368,12,51.05788410,3.71298680
gent,/kot-gent/de-pintelaan-14,300,12,51.02698100,3.72166880
gent,/kot-gent/gelukstraat-1,315,18,51.05887800,3.72877030
gent,/kot-gent/graaf-arnulfstraat-2,300,20,51.04375560,3.72544180
gent,/kot-gent/sint-crispijnstraat-2,330,13,51.05257670,3.71871410
gent,/kot-gent/lembergse-steenweg,465,25,50.98380700,3.74273330
gent,/kot-gent/einde-were-8,450,40,51.05149860,3.70119730
gent,/kot-gent/keramiekstraat,180,12,51.02036290,3.72729610
gent,/kot-gent/tuinwijk-jan-verhaegen-4,350,12,51.01456930,3.75751230
gent,/kot-gent/gravin-johanna-straat,436,18,51.05788410,3.71298680
gent,/kot-gent/olifantstraat-9,275,14,51.03934930,3.73369990
gent,/kot-gent/franois-laurentplein,360,25,51.05081150,3.72775470
gent,/kot-gent/begijnengracht-15,217,9,51.05620530,3.71208830
gent,/kot-gent/tijgerstraat-2,700,50,51.03989760,3.73036800
gent,/kot-gent/zingemkouterstraat-1,400,25,51.07210060,3.76424700
gent,/kot-gent/de-pintelaan-16,315,13,51.03013580,3.72920990
gent,/kot-gent/hoogstraat-23,360,18,51.05526340,3.71267350
gent,/kot-gent/ekkergemstraat-8,360,20,51.05259000,3.70894260
gent,/kot-gent/brusselsesteenweg-10,300,28,51.01650240,3.78322400
gent,/kot-gent/oosteeklostraat-3,485,18,51.06597980,3.71950070
gent,/kot-gent/sint-lievenspoortstraat-23,445,16,51.04367640,3.73620450
gent,/kot-gent/sint-kwintensberg-19,325,20,51.04577920,3.72253280
gent,/kot-gent/oosteeklostraat-4,445,17,51.06597980,3.71950070
gent,/kot-gent/bagattenstraat-4,250,16,51.04755550,3.72428930
gent,/kot-gent/zieklien,550,40,51.03140720,3.71089040
gent,/kot-gent/oosteeklostraat-2,465,22,51.06597980,3.71950070
gent,/kot-gent/forelstraat-10,280,50,51.04889720,3.74335140
gent,/kot-gent/krijgslaan-12,495,20,51.02738030,3.71460320
gent,/kot-gent/krijgslaan-4,540,21,51.02738030,3.71460320
gent,/kot-gent/krijgslaan-6,430,16,51.02738030,3.71460320
gent,/kot-gent/krijgslaan-8,445,16,51.02738030,3.71460320
gent,/kot-gent/krijgslaan-10,495,18,51.02738030,3.71460320
gent,/kot-gent/krijgslaan-5,475,19,51.02738030,3.71460320
gent,/kot-gent/krijgslaan-3,415,15,51.02738030,3.71460320
gent,/kot-gent/krijgslaan-7,405,12,51.02738030,3.71460320
gent,/kot-gent/krijgslaan-2,400,12,51.02738030,3.71460320
gent,/kot-gent/penitentenstraat-2,340,20,51.05737190,3.72762710
gent,/kot-gent/maaltebruggestraat-1,370,38,51.02989590,3.71003690
gent,/kot-gent/vlasgaardstraat-8,440,45,51.05635660,3.70112640
gent,/kot-gent/burggravenlaan-7,1000,85,51.03211370,3.72540190
gent,/kot-gent/bosdreef-1,600,60,51.09637790,3.83863690
gent,/kot-gent/nieuwland-1,365,50,51.06159140,3.72984030
gent,/kot-gent/stropstraat-18,385,16,51.03282560,3.73055330
gent,/kot-gent/papegaaistraat-5,455,120,51.05067370,3.71263220
gent,/kot-gent/zwijnaardsesteenweg-33,290,12,51.03392510,3.72531820
gent,/kot-gent/johan-daisnestraat-5,555,30,51.05059100,3.71203040
gent,/kot-gent/oefenpleinstraat,600,50,51.03035990,3.75346270
gent,/kot-gent/galglaan-8,300,14,51.02559570,3.72071460
gent,/kot-gent/galglaan-7,300,14,51.02559570,3.72071460
gent,/kot-gent/tijgerstraat-1,350,18,51.03992830,3.73077350
gent,/kot-gent/tijgerstraat,350,18,51.03992830,3.73077350
gent,/kot-gent/jozef-plateaustraat-5,305,12,51.04628280,3.72495820
gent,/kot-gent/arthur-latourstraat-4,355,18,51.04152430,3.74309770
gent,/kot-gent/kortrijksesteenweg-29,425,16,51.04151380,3.71861070
gent,/kot-gent/langestraat-6,450,33,51.03423900,3.74293080
gent,/kot-gent/langestraat-5,335,16,51.03423900,3.74293080
gent,/kot-gent/langestraat-10,360,15,51.03423900,3.74293080
gent,/kot-gent/langestraat-8,420,26,51.03423900,3.74293080
brussel,/kot-brussel/onze-lievevrouw-van-lourdeslaan-1,555,25,50.87368050,4.33880100
brussel,/kot-brussel/jette-onze-lievevrouw-van-lourdeslaan-1,535,25,50.87368050,4.33880100
brussel,/kot-brussel/kreupelenstraat-11,480,20,50.85038350,4.35750950
brussel,/kot-brussel/bergensesteenweg-4,380,20,50.81735650,4.29174570
brussel,/kot-brussel/opzichterstraat,260,12,50.86396990,4.33548480
brussel,/kot-brussel/rue-de-la-commune-1,390,17,50.85071000,4.37232000
brussel,/kot-brussel/ulensstraat-1,320,15,50.86308820,4.34180830
brussel,/kot-brussel/vanderlindenstraat-2,400,12,50.86716140,4.36707610
brussel,/kot-brussel/gentsesteenweg-3,675,45,50.85795070,4.31787120
brussel,/kot-brussel/snijbos-1,390,14,50.86370260,4.25439840
brussel,/kot-brussel/grondwetlaan-5,600,33,50.86786350,4.32311120
brussel,/kot-brussel/st-legrellestraat-1,430,25,50.87543610,4.32080270
brussel,/kot-brussel/rue-des-boiteux,540,20,50.85047990,4.35727330
brussel,/kot-brussel/rue-jules-de-besme,452,17,50.86314780,4.32272720
brussel,/kot-brussel/gentsesteenweg,750,55,50.85723540,4.33150210
brussel,/kot-brussel/kreupelenstraat-12,490,18,50.85038350,4.35750950
brussel,/kot-brussel/stenen-kruisstraat-6,525,17,50.83099910,4.35053760
brussel,/kot-brussel/stenen-kruisstraat,625,23,50.83099910,4.35053760
brussel,/kot-brussel/stenen-kruisstraat-9,465,23,50.83099910,4.35053760
brussel,/kot-brussel/stenen-kruisstraat-2,520,17,50.83099910,4.35053760
brussel,/kot-brussel/stenen-kruisstraat-7,510,17,50.83099910,4.35053760
brussel,/kot-brussel/stenen-kruisstraat-10,725,35,50.83099910,4.35053760
brussel,/kot-brussel/bodegemstraat-1,550,55,50.84402800,4.34313680
brussel,/kot-brussel/grondwetlaan-4,550,29,50.86786350,4.32311120
brussel,/kot-brussel/kreupelenstraat-13,510,24,50.85038350,4.35750950
brussel,/kot-brussel/generaal-jacqueslaan-1,650,25,50.82062610,4.38590550
brussel,/kot-brussel/camuselstraat-5,375,16,50.84660020,4.34106850
brussel,/kot-brussel/langlevenstraat,450,18,50.83636640,4.36542990
brussel,/kot-brussel/stenen-kruisstraat-1,460,12,50.83099910,4.35053760
hasselt,/kot-hasselt/steenweg-14,240,18,50.92084000,5.38372510
hasselt,/kot-genk/kolderbosstraat,490,25,50.95393160,5.51242320
hasselt,/kot-hasselt/zandstraat-1,230,16,50.94294860,5.39006470
hasselt,/kot-hasselt/stokerijstraat-4,480,35,50.93439800,5.33371090
hasselt,/kot-hasselt/voorstraat-1,275,18,50.92902140,5.35673820
hasselt,/kot-hasselt/stokerijstraat-2,480,35,50.93439800,5.33371090
hasselt,/kot-hasselt/windmolenstraat-3,250,16,50.92879290,5.34531180
hasselt,/kot-genk/molenstraat,210,18,50.96428630,5.50261990
hasselt,/kot-hasselt/koning-boudewijnlaan-1,290,18,50.93265970,5.34257540
hasselt,/kot-hasselt/willekensmolenstraat-2,260,15,50.93240590,5.35120970
hasselt,/kot-hasselt/steenblookstraat-3,180,10,50.93100240,5.40909460
hasselt,/kot-hasselt/plompaertstraat-1,210,14,50.93044830,5.40720290
hasselt,/kot-hasselt/steenweg-12,190,12,50.92060620,5.38427880
hasselt,/kot-hasselt/elfde-liniestraat,215,15,50.93686340,5.34837270
hasselt,/kot-hasselt/stationsplein-1,395,20,50.93118130,5.32791720
hasselt,/kot-hasselt/stadsomvaart-3,325,13,50.92707130,5.34322010
hasselt,/kot-hasselt/havenstraat-3,255,10,50.93837680,5.33995010
hasselt,/kot-hasselt/plantenstraat-3,530,50,50.93720950,5.32784010
hasselt,/kot-genk/molenstraat-1,225,17,50.96428630,5.50261990
hasselt,/kot-hasselt/nierstraat-2,350,22,50.91757070,5.39490050
hasselt,/kot-hasselt/steenweg-11,250,25,50.92060620,5.38427880
hasselt,/kot-hasselt/peperstraat-5,265,17,50.91875400,5.40217870
hasselt,/kot-hasselt/weggevoerdenstraat-2,370,19,50.92341110,5.33846900
kortrijk,/kot-kortrijk/doorniksewijk-17,225,14,50.81901990,3.26937060
kortrijk,/kot-kortrijk/blekersstraat-4,335,18,50.82757370,3.25611280
kortrijk,/kot-kortrijk/blekersstraat-6,412,20,50.82753850,3.25665630
kortrijk,/kot-kortrijk/blekersstraat-5,387,17,50.82753850,3.25665630
kortrijk,/kot-kortrijk/blekersstraat-2,387,17,50.82753850,3.25665630
kortrijk,/kot-kortrijk/loofstraat-,600,68,50.81958200,3.26728550
kortrijk,/kot-kortrijk/loofstraat,700,66,50.81959020,3.26727350
kortrijk,/kot-kortrijk/rochuslaan-4,255,12,50.81898810,3.27200610
kortrijk,/kot-kortrijk/rochuslaan-3,280,17,50.81898810,3.27200610
kortrijk,/kot-kortrijk/rochuslaan-1,260,13,50.81898810,3.27200610
kortrijk,/kot-kortrijk/rochuslaan-5,260,13,50.81898810,3.27200610
kortrijk,/kot-kortrijk/rochuslaan-2,260,13,50.81898810,3.27200610
kortrijk,/kot-kortrijk/schaapsdreef,250,14,50.80100990,3.29108920
kortrijk,/kot-kortrijk/schaapsdreef-2,250,15,50.80087640,3.29080860
kortrijk,/kot-kortrijk/peiskeshof-1,425,18,50.88949340,3.45084520
kortrijk,/kot-kortrijk/steenbakkerstraat-5,230,12,50.81547400,3.27183980
kortrijk,/kot-kortrijk/steenbakkersstraat-2,230,12,50.80344840,3.28317900
kortrijk,/kot-kortrijk/lange-munteplein-15,375,19,50.81091060,3.29967720
kortrijk,/kot-kortrijk/lange-munteplein-8,415,23,50.81091060,3.29967720
kortrijk,/kot-kortrijk/lange-munteplein-14,415,22,50.81091060,3.29967720
kortrijk,/kot-kortrijk/lange-munteplein-5,385,21,50.81091060,3.29967720
kortrijk,/kot-kortrijk/lange-munteplein-10,360,17,50.81091060,3.29967720
kortrijk,/kot-kortrijk/lange-munteplein-12,360,17,50.81091060,3.29967720
kortrijk,/kot-kortrijk/lange-munteplein,390,21,50.81091060,3.29967720
kortrijk,/kot-kortrijk/lange-munteplein-6,500,56,50.81091060,3.29967720
kortrijk,/kot-kortrijk/lange-munteplein-9,385,19,50.81091060,3.29967720
kortrijk,/kot-kortrijk/lange-munteplein-1,400,22,50.81091060,3.29967720
kortrijk,/kot-kortrijk/lange-munteplein-2,380,18,50.81091060,3.29967720
kortrijk,/kot-kortrijk/lange-munteplein-11,415,22,50.81091060,3.29967720
kortrijk,/kot-kortrijk/lange-munteplein-13,450,27,50.81091060,3.29967720
kortrijk,/kot-roeselare/meenseheirweg,300,20,50.93759490,3.12585410
kortrijk,/kot-kortrijk/t-hoge-13,265,12,50.79996510,3.28485800
kortrijk,/kot-roeselare/meenseheirweg-1,300,25,50.93759490,3.12585410
kortrijk,/kot-kortrijk/oudenaardsesteenweg-14,240,13,50.82133290,3.28024450
kortrijk,/kot-kortrijk/oudenaardsesteenweg-15,295,20,50.82133290,3.28024450
kortrijk,/kot-kortrijk/toekomststraat-10,335,28,50.82166030,3.27168560
kortrijk,/kot-kortrijk/toekomststraat-7,255,14,50.82166030,3.27168560
kortrijk,/kot-kortrijk/toekomststraat-9,255,14,50.82166030,3.27168560
kortrijk,/kot-kortrijk/toekomststraat-6,255,14,50.82166030,3.27168560
kortrijk,/kot-kortrijk/toekomststraat-4,255,14,50.82166030,3.27168560
kortrijk,/kot-kortrijk/veldstraat-2,275,16,50.83157550,3.27610090
kortrijk,/kot-kortrijk/beheerstraat,325,17,50.82595860,3.25833340
kortrijk,/kot-kortrijk/doorniksewijk-22,375,20,50.81906270,3.26947370
kortrijk,/kot-kortrijk/sint-rochuslaan-6,257,15,50.81799140,3.27160370
kortrijk,/kot-kortrijk/kanonstraat-1,260,12,50.82262790,3.26937600
kortrijk,/kot-kortrijk/kanonstraat-5,250,12,50.82262790,3.26937600
kortrijk,/kot-kortrijk/moorseelsestraat-1,340,25,50.83199110,3.25031460
kortrijk,/kot-kortrijk/wandelweg-1,395,17,50.82429270,3.27172800
kortrijk,/kot-kortrijk/steenbakkersstraat-3,225,16,50.80389050,3.28580260
kortrijk,/kot-kortrijk/magdalenastraat-1,400,30,50.82560140,3.25731070
kortrijk,/kot-kortrijk/beekstraat-4,370,20,50.81772180,3.28608290
kortrijk,/kot-kortrijk/wagenmakersstraat-28,420,23,50.81928460,3.27461600
kortrijk,/kot-kortrijk/wagenmakersstraat-27,400,22,50.81928460,3.27461600
kortrijk,/kot-kortrijk/wagenmakersstraat-26,400,22,50.81928460,3.27461600
kortrijk,/kot-kortrijk/wagenmakersstraat-25,380,17,50.81928460,3.27461600
kortrijk,/kot-kortrijk/wagenmakersstraat-24,400,20,50.81928460,3.27461600
kortrijk,/kot-kortrijk/t-hoge-82-kamer-21,440,24,50.81948940,3.25770760
kortrijk,/kot-kortrijk/t-hoge-82-kamer-03,400,18,50.81948940,3.25770760
kortrijk,/kot-kortrijk/t-hoge-82-kamer-02,355,17,50.81948940,3.25770760
kortrijk,/kot-kortrijk/t-hoge-82-kamer-14,400,17,50.81948940,3.25770760
kortrijk,/kot-kortrijk/t-hoge-82-kamer-06,435,23,50.81948940,3.25770760
kortrijk,/kot-kortrijk/t-hoge-82-kamer-23-2,440,20,50.81948940,3.25770760
kortrijk,/kot-kortrijk/t-hoge-82-kamer-01,385,18,50.81948940,3.25770760
kortrijk,/kot-kortrijk/t-hoge-82-kamer-04-1,400,22,50.81948940,3.25770760
kortrijk,/kot-kortrijk/t-hoge-82-kamer-05-1,415,21,50.81948940,3.25770760
kortrijk,/kot-kortrijk/t-hoge-82-kamer-11-1,455,26,50.81948940,3.25770760
kortrijk,/kot-kortrijk/t-hoge-82-kamer-12-1,440,24,50.81948940,3.25770760
kortrijk,/kot-kortrijk/t-hoge-82-kamer-13-2,400,17,50.81948940,3.25770760
kortrijk,/kot-kortrijk/t-hoge-82-kamer-22-1,440,18,50.81948940,3.25770760
kortrijk,/kot-kortrijk/t-hoge-10,240,12,50.79914360,3.28543330
kortrijk,/kot-kortrijk/t-hoge-9,240,13,50.79914360,3.28543330
kortrijk,/kot-kortrijk/t-hoge-7,295,24,50.79914360,3.28543330
kortrijk,/kot-kortrijk/t-hoge-5,285,18,50.79914360,3.28543330
kortrijk,/kot-kortrijk/t-hoge-8,290,22,50.79914360,3.28543330
kortrijk,/kot-kortrijk/t-hoge-12,275,16,50.79914360,3.28543330
kortrijk,/kot-kortrijk/walle-14,340,18,50.81041830,3.26908870
kortrijk,/kot-kortrijk/walle-15,360,25,50.81041830,3.26908870
kortrijk,/kot-kortrijk/wandelweg-4,350,16,50.82425280,3.27172670
kortrijk,/kot-kortrijk/wandelweg,450,23,50.82425280,3.27172670
kortrijk,/kot-kortrijk/wandelweg-3,325,16,50.82425280,3.27172670
kortrijk,/kot-kortrijk/wandelweg-2,425,21,50.82425280,3.27172670
kortrijk,/kot-kortrijk/oude-vestingsstraat-15-kamer-211-2,375,16,50.81948940,3.25770760
kortrijk,/kot-kortrijk/oude-vestingsstraat-15-kamer-305,375,16,50.81948940,3.25770760
kortrijk,/kot-kortrijk/oude-vestingsstraat-15-kamer-302,375,18,50.81948940,3.25770760
kortrijk,/kot-kortrijk/oude-vestingsstraat-15-kamer-202,375,16,50.81948940,3.25770760
kortrijk,/kot-kortrijk/oude-vestingsstraat-15-kamer-110,375,16,50.81948940,3.25770760
kortrijk,/kot-kortrijk/oude-vestingsstraat-15-kamer-102,390,17,50.81948940,3.25770760
kortrijk,/kot-kortrijk/oude-vestingsstraat-15-kamer-103,375,6,50.81947760,3.25772630
kortrijk,/kot-kortrijk/oude-vestingsstraat-15-kamer-301-1,375,18,50.81948940,3.25770760
kortrijk,/kot-kortrijk/oude-vestingsstraat-15-kamer-210-1,375,15,50.81948940,3.25770760
kortrijk,/kot-kortrijk/oude-vestingsstraat-15-kamer-209,375,15,50.81948940,3.25770760
kortrijk,/kot-kortrijk/oude-vestingsstraat-15-kamer-205-1,375,18,50.81948940,3.25770760
kortrijk,/kot-kortrijk/oude-vestingsstraat-15-kamer-203-1,375,15,50.81948940,3.25770760
kortrijk,/kot-kortrijk/oude-vestingsstraat-15-kamer-201-1,375,17,50.81948940,3.25770760
kortrijk,/kot-kortrijk/oude-vestingsstraat-15-kamer-111,390,17,50.81948940,3.25770760
kortrijk,/kot-kortrijk/oude-vestingsstraat-15-kamer-108,390,17,50.81948940,3.25770760
kortrijk,/kot-kortrijk/ouide-vestingsstraat-15-kamer-104,390,17,50.81948940,3.25770760
kortrijk,/kot-kortrijk/oude-vestingsstraat-15-kamer-311,390,17,50.81948940,3.25770760
kortrijk,/kot-kortrijk/oude-vestingsstraat-15-kamer-309-1,375,16,50.81948940,3.25770760
kortrijk,/kot-kortrijk/oude-vestingsstraat-15-kamer-308-2,375,17,50.81948940,3.25770760
kortrijk,/kot-kortrijk/oude-vestingsstraat-15-kamer-206,400,20,50.81948940,3.25770760
kortrijk,/kot-kortrijk/oude-vestingsstraat-15-kamer-308-1,390,17,50.81948940,3.25770760
kortrijk,/kot-kortrijk/oude-vestingsstraat-15-kamer-307-2,390,17,50.81948940,3.25770760
kortrijk,/kot-kortrijk/oude-vestingsstraat-15-kamer-304-1,390,17,50.81948940,3.25770760
kortrijk,/kot-kortrijk/oude-vestingsstraat-15-kamer-211-1,390,17,50.81948940,3.25770760
kortrijk,/kot-kortrijk/oude-vestingsstraat-15-kamer-207-1,390,16,50.81948940,3.25770760
kortrijk,/kot-kortrijk/oude-vestingsstraat-15-kamer-208,390,17,50.81948940,3.25770760
kortrijk,/kot-kortrijk/oude-vestingsstraat-15-kamer-204-1,390,17,50.81948940,3.25770760
kortrijk,/kot-kortrijk/oude-vestingsstraat-15-kamer-306,400,20,50.81948940,3.25770760
kortrijk,/kot-kortrijk/oude-vestingsstraat-15-kamer-312-1,440,22,50.81948940,3.25770760
kortrijk,/kot-kortrijk/oude-vestingsstraat-15-kamer-112-1,415,22,50.81948940,3.25770760
kortrijk,/kot-kortrijk/oude-vestingsstraat-15-kamer-212-2,415,22,50.81948940,3.25770760
kortrijk,/kot-kortrijk/sint-denijssestraat-146-kamer-25,355,16,50.81948940,3.25770760
kortrijk,/kot-kortrijk/sint-denijsestraat-146-24,330,18,50.81948940,3.25770760
kortrijk,/kot-kortrijk/sint-denijsestraat-105-23-2,365,17,50.81948940,3.25770760
kortrijk,/kot-kortrijk/sint-denijsestraat-146-22-1,330,15,50.81948940,3.25770760
kortrijk,/kot-kortrijk/sint-denijsestraat-146-21-1,355,16,50.81948940,3.25770760
kortrijk,/kot-kortrijk/sint-denijsestraat-146-15,415,25,50.81948940,3.25770760
kortrijk,/kot-kortrijk/sint-denijsestraat-146-14,405,25,50.81948940,3.25770760
kortrijk,/kot-kortrijk/sint-denijsestraat-146-13-1,320,15,50.81948940,3.25770760
kortrijk,/kot-kortrijk/sint-denijsestraat-146-12,330,17,50.81948940,3.25770760
kortrijk,/kot-kortrijk/sint-denijsestraat-146-11,330,17,50.81948940,3.25770760
kortrijk,/kot-kortrijk/sint-denijsestraat-146-03,290,15,50.81948940,3.25770760
kortrijk,/kot-kortrijk/sint-denijsestraat-146-01-1,300,17,50.81948940,3.25770760
kortrijk,/kot-kortrijk/president-rooseveltplein,310,26,50.82786010,3.26087030
kortrijk,/kot-kortrijk/boerderijstraat-8,267,15,50.82056720,3.27142190
kortrijk,/kot-kortrijk/volksplein-5,250,24,50.81969260,3.27191220
kortrijk,/kot-kortrijk/spoorweglaan-2,305,17,50.82472530,3.27090560
kortrijk,/kot-kortrijk/spooeweglaan-1,345,17,50.82472530,3.27090560
kortrijk,/kot-kortrijk/spoorweglaan-3,295,17,50.82472530,3.27090560
kortrijk,/kot-kortrijk/boerderijstraat-1,325,21,50.82056720,3.27142190
kortrijk,/kot-kortrijk/walle-11,400,30,50.81041830,3.26908870
kortrijk,/kot-kortrijk/schaapsdreef-3,280,16,50.80024180,3.28977920
kortrijk,/kot-kortrijk/schaapsdreef-1,200,12,50.80024180,3.28977920
kortrijk,/kot-kortrijk/walle-16,340,18,50.81041830,3.26908870
kortrijk,/kot-kortrijk/walle-13,460,40,50.81041830,3.26908870
kortrijk,/kot-kortrijk/walle-10,340,24,50.81041830,3.26908870
kortrijk,/kot-kortrijk/volksplein-4,240,14,50.82043290,3.27203510
kortrijk,/kot-kortrijk/volksplein-2,235,14,50.82043290,3.27203510
kortrijk,/kot-kortrijk/volksplein-3,245,14,50.82043290,3.27203510
kortrijk,/kot-kortrijk/filip-van-de-elzaslaan-122-kamer-6-1,310,17,50.81948940,3.25770760
kortrijk,/kot-kortrijk/filip-van-de-elzaslaan-122-kamer-5,300,15,50.81948940,3.25770760
kortrijk,/kot-kortrijk/filip-van-de-elzaslaan-122-kamer-4,330,20,50.81948940,3.25770760
kortrijk,/kot-kortrijk/filip-van-de-elzaslaan-122-kamer-3,300,15,50.81948940,3.25770760
kortrijk,/kot-kortrijk/filip-van-de-elzaslaan-122-kamer-2,300,15,50.81948940,3.25770760
kortrijk,/kot-kortrijk/filip-van-de-elzaslaan-122-kamer-1,300,15,50.81948940,3.25770760
kortrijk,/kot-kortrijk/filip-van-de-elzaslaan-122-kamer-14-1,330,17,50.81948940,3.25770760
kortrijk,/kot-kortrijk/filip-van-de-elzaslaan-122-kamer-13-1,330,17,50.81948940,3.25770760
kortrijk,/kot-kortrijk/filip-van-de-elzaslaan-122-kamer-12-1,300,15,50.81948940,3.25770760
kortrijk,/kot-kortrijk/filip-van-de-elzaslaan-122-kamer-11-1,310,17,50.81948940,3.25770760
kortrijk,/kot-kortrijk/filip-van-de-elzaslaan-122-kamer-10-1,300,15,50.81948940,3.25770760
kortrijk,/kot-kortrijk/filip-van-de-elzaslaan-122-kamer-9-1,330,20,50.81948940,3.25770760
kortrijk,/kot-kortrijk/filip-van-de-elzaslaan-122-kamer-8-1,300,15,50.81948940,3.25770760
kortrijk,/kot-kortrijk/filip-van-de-elzaslaan-122-kamer-7-1,300,15,50.81948940,3.25770760
kortrijk,/kot-kortrijk/schaapsdreef-13-7,380,25,50.79875620,3.28786820
kortrijk,/kot-kortrijk/schaapsdreef-13-6,380,25,50.79875620,3.28786820
kortrijk,/kot-kortrijk/schaapsdreef-13-5,380,25,50.79875620,3.28786820
kortrijk,/kot-kortrijk/schaapsdreef-13-4,350,18,50.79875620,3.28786820
kortrijk,/kot-kortrijk/schaapsdreef-13-3,350,18,50.79875620,3.28786820
kortrijk,/kot-kortrijk/schaapsdreef-13-2,350,18,50.79875620,3.28786820
kortrijk,/kot-kortrijk/schaapsdreef-13-1,335,18,50.79875620,3.28786820
kortrijk,/kot-kortrijk/schaapsdreef-13,825,18,50.79875620,3.28786820
kortrijk,/kot-kortrijk/sint-denijseweg-78-kamer-10,340,17,50.81948940,3.25770760
kortrijk,/kot-kortrijk/sint-denijseweg-78-kamer-12,305,13,50.81948940,3.25770760
kortrijk,/kot-kortrijk/sint-denijseweg-78-kamer-08,305,14,50.81948940,3.25770760
kortrijk,/kot-kortrijk/sint-denijseweg-78-kamer-06,305,18,50.81948940,3.25770760
kortrijk,/kot-kortrijk/sint-denijseweg-78-kamer-05,295,12,50.81948940,3.25770760
kortrijk,/kot-kortrijk/sint-denijseweg-78-kamer-11,250,13,50.81948940,3.25770760
kortrijk,/kot-kortrijk/sint-denijseweg-78-kamer-04,305,15,50.81948940,3.25770760
kortrijk,/kot-kortrijk/sint-denijseweg-78-kamer-03,305,15,50.81948940,3.25770760
kortrijk,/kot-kortrijk/sint-denijseweg-78-kamer-02,305,15,50.81948940,3.25770760
kortrijk,/kot-kortrijk/sint-denijseweg-kamer-01,285,14,50.81948940,3.25770760
kortrijk,/kot-kortrijk/sint-denijseweg-78-kamer-09-1,295,12,50.81948940,3.25770760
kortrijk,/kot-kortrijk/boerderijstraat-6-1,255,16,50.82066720,3.27340820
kortrijk,/kot-kortrijk/sint-denijsestraat-k25,305,15,50.81547400,3.27183980
kortrijk,/kot-kortrijk/sint-denijsestraat-105-24,305,15,50.81948940,3.25770760
kortrijk,/kot-kortrijk/sint-denijsestraat-105-23,305,16,50.81948940,3.25770760
kortrijk,/kot-kortrijk/sint-denijsestraat-105-22,305,15,50.81547400,3.27183980
kortrijk,/kot-kortrijk/sint-denijsestraat-105-21,305,15,50.81547400,3.27183980
kortrijk,/kot-kortrijk/sint-denijsestraat-105-15,305,15,50.81547400,3.27183980
kortrijk,/kot-kortrijk/sint-denijsestraat-105-14,305,15,50.81547400,3.27183980
kortrijk,/kot-kortrijk/sint-denijsestraat-105-13-1,305,15,50.81547400,3.27183980
kortrijk,/kot-kortrijk/sint-denijsestraat-105-12,305,15,50.81547400,3.27183980
kortrijk,/kot-kortrijk/sint-denijsestraat-105-11,305,15,50.81948940,3.25770760
kortrijk,/kot-kortrijk/sint-denijsestraat-105-02,305,15,50.81547400,3.27183980
kortrijk,/kot-kortrijk/sint-denijsestraat-105-01,305,17,50.81948940,3.25770760
kortrijk,/kot-kortrijk/doorniksewijk-16,225,12,50.81901990,3.26937060
kortrijk,/kot-kortrijk/doorniksewijk-18,260,20,50.81904340,3.26937880
kortrijk,/kot-kortrijk/hoek-wagenmakerstraat-doorniksesteenweg-1,375,20,50.80737130,3.28013800
kortrijk,/kot-kortrijk/steenbakkerstraat-4,230,12,50.81547400,3.27183980
kortrijk,/kot-kortrijk/steenbakkerstraat-2,440,22,50.81547400,3.27183980
kortrijk,/kot-kortrijk/aalbeeksesteenweg-6,400,20,50.82013850,3.25787220
kortrijk,/kot-kortrijk/ten-akkerdreef,345,15,50.81547400,3.27183980
kortrijk,/kot-kortrijk/doorniksesteenweg-7,355,20,50.81575860,3.27117050
kortrijk,/kot-kortrijk/blekersstraat,390,20,50.82751670,3.25612540
kortrijk,/kot-kortrijk/doorniksesteenweg-10,355,20,50.81575860,3.27117050
kortrijk,/kot-kortrijk/maandagweg-1,320,19,50.81196930,3.29153120
leuven,/kot-leuven/noormannenstraat-3,280,10,50.88459630,4.68802860
leuven,/kot-leuven/noormannenstraat-1,330,12,50.88459630,4.68802860
leuven,/kot-leuven/mariatheresiastraat-1,390,18,50.88013060,4.71408890
leuven,/kot-leuven/waversebaan-18,520,25,50.86389420,4.69356490
leuven,/kot-leuven/craenendonck-11,380,20,50.88138990,4.69907590
leuven,/kot-leuven/dagobertstraat-16,425,21,50.87621250,4.71304260
leuven,/kot-leuven/brabanonnestraat-18,315,20,50.87239090,4.70798610
leuven,/kot-leuven/geldenaaksebaan-10,500,50,50.86861720,4.70840940
leuven,/kot-leuven/frederik-lintsstraat-12,260,13,50.87033560,4.70771670
leuven,/kot-leuven/frederik-lintsstraat-11,285,15,50.86998510,4.70833730
leuven,/kot-leuven/lakenweversstraat-13,390,15,50.87794440,4.70150810
leuven,/kot-leuven/vlamingenstraat-14,435,18,50.87408110,4.70072300
leuven,/kot-leuven/naamsevest-6,470,26,50.86859300,4.69932300
leuven,/kot-leuven/naamsestraat-37,545,17,50.87632050,4.70041210
leuven,/kot-leuven/blijde-inkomstraat-13,315,18,50.87459710,4.71282410
leuven,/kot-leuven/hertogstraat-7,460,90,50.85972400,4.69989540
leuven,/kot-leuven/frederik-lint-straat-1,350,18,50.87463080,4.70488220
leuven,/kot-leuven/naamsesteenweg-26,410,42,50.85851880,4.69585390
leuven,/kot-leuven/parkstraat-62,350,12,50.87112090,4.70524740
leuven,/kot-leuven/jan-pieter-minckelersstraat,458,15,50.88545340,4.70344230
leuven,/kot-leuven/vaartstraat-43,520,25,50.88056450,4.70269120
leuven,/kot-leuven/parkstraat-50,370,20,50.87158910,4.70462380
leuven,/kot-leuven/parkstraat-61,370,20,50.87158910,4.70462380
leuven,/kot-leuven/hoveniersdreef-7,250,12,50.86363830,4.69961300
leuven,/kot-leuven/oude-markt-8,415,14,50.87855770,4.69995150
leuven,/kot-leuven/oude-markt-7,430,14,50.87855770,4.69995150
leuven,/kot-leuven/eeuwfeeststraat-1,599,24,50.87251110,4.72649170
leuven,/kot-leuven/oude-markt-9,430,14,50.87855770,4.69995150
leuven,/kot-leuven/tiensestraat-43,350,12,50.87370550,4.71331220
leuven,/kot-leuven/jp-mincklerstraat-22,300,9,50.88151970,4.69675780
leuven,/kot-leuven/jp-mincklerstraat-23,560,25,50.88151970,4.69675780
leuven,/kot-leuven/jp-mincklerstraat-17,260,8,50.88151970,4.69675780
leuven,/kot-leuven/jp-mincklerstraat-21,300,9,50.88151970,4.69675780
leuven,/kot-leuven/broekstraat-14,270,12,50.86730870,4.70073090
leuven,/kot-leuven/kapucijnenvoer-25,245,10,50.87692600,4.69079770
leuven,/kot-leuven/kapucijnenvoer-29,270,15,50.87692600,4.69079770
leuven,/kot-leuven/dekenstraat-37,550,32,50.87309440,4.71114840
leuven,/kot-leuven/van-monsstraat-6,275,14,50.88291570,4.70779440
leuven,/kot-leuven/parkstraat-59,280,12,50.87055820,4.70623550
leuven,/kot-leuven/van-het-sestichstraat-1,270,15,50.87188300,4.70243930
leuven,/kot-leuven/parkstraat-room-204,480,19,50.87383350,4.70095920
leuven,/kot-leuven/parkstraat-room-203,535,22,50.87383350,4.70095920
leuven,/kot-leuven/parkstraat-room-201,510,19,50.87383350,4.70095920
leuven,/kot-leuven/parkstraat-room-101,500,17,50.87383350,4.70095920
leuven,/kot-leuven/parkstraat-room-104,400,8,50.87383350,4.70095920
leuven,/kot-leuven/minckelerstraat-1,445,20,50.88259040,4.70704920
leuven,/kot-leuven/h-regastraat,315,18,50.87036930,4.70946950
leuven,/kot-leuven/van-monsstraat-5,460,30,50.88289820,4.70777260
leuven,/kot-leuven/parkstraat-room-oo3,395,12,50.88151970,4.69675780
leuven,/kot-leuven/parkstraat-room-004,405,11,50.87383350,4.70095920
leuven,/kot-leuven/parkstraat-room-002,395,9,50.87383350,4.70095920
leuven,/kot-leuven/parkstraat-room-001-1,395,9,50.87383350,4.70095920
leuven,/kot-leuven/brabanonnestraat-17,285,15,50.87239090,4.70798610
leuven,/kot-leuven/tiensevest-26,240,14,50.88018000,4.71500030
leuven,/kot-leuven/fonteinstraat-9,415,12,50.88631410,4.69549450
leuven,/kot-leuven/fonteinstraat-7,415,14,50.88631410,4.69549450
leuven,/kot-leuven/waversebaan-17,250,12,50.85425030,4.67833090
leuven,/kot-leuven/leopold-vanderkelenstraat-7,500,40,50.87990050,4.70347840
leuven,/kot-leuven/remi-vandervaerenlaan-13,550,28,50.87412000,4.69286460
leuven,/kot-leuven/naamsestraat-44,250,10,50.87161260,4.69964460
leuven,/kot-leuven/naamsestraat-22,240,9,50.87161260,4.69964460
leuven,/kot-leuven/prelatenstraat-1,440,23,50.87392630,4.70213180
leuven,/kot-leuven/jozef-ii-straat-16,365,16,50.87758300,4.71290330
leuven,/kot-leuven/naamsestraat-42,290,12,50.87386530,4.69997500
leuven,/kot-leuven/mechelsestraat-19,390,37,50.88308680,4.69843420
leuven,/kot-leuven/groenveldstraat-4,510,33,50.87156700,4.68442610
leuven,/kot-leuven/dekenstraat-36,550,32,50.87309440,4.71114840
leuven,/kot-leuven/dekenstraat-35,550,32,50.87309440,4.71114840
leuven,/kot-leuven/dekenstraat-34,550,32,50.87309440,4.71114840
leuven,/kot-leuven/dekenstraat-33,550,32,50.87309440,4.71114840
leuven,/kot-leuven/dekenstraat-32,550,32,50.87309440,4.71114840
leuven,/kot-leuven/dekenstraat-31,550,32,50.87309440,4.71114840
leuven,/kot-leuven/dekenstraat-30,550,32,50.87309440,4.71114840
leuven,/kot-leuven/naamsestraat-43,540,17,50.87632050,4.70041210
leuven,/kot-leuven/brouwersstraat-17,300,120,50.88367750,4.69025210
leuven,/kot-leuven/windmolenveldstraat-14,300,14,50.87334760,4.71322590
leuven,/kot-leuven/geldenaaksebaan-4,455,35,50.86861720,4.70840940
leuven,/kot-leuven/frederik-lintsstraat-10,235,11,50.87033560,4.70771670
leuven,/kot-leuven/geldenaaksebaan-8,460,30,50.86861720,4.70840940
leuven,/kot-leuven/brabanonnestraat-16,285,15,50.87239090,4.70798610
leuven,/kot-leuven/parkstraat-52,580,37,50.87364480,4.70129390
leuven,/kot-leuven/diestsestraat-23,760,58,50.88141860,4.70966640
leuven,/kot-leuven/broekstraat-17-0001-1,435,31,50.86730870,4.70073090
leuven,/kot-leuven/vlietstraat-2,272,14,50.87046190,4.72476740
leuven,/kot-leuven/frederiklintstraat-1,350,16,50.87463080,4.70488220
leuven,/kot-leuven/tervuursevest-7,360,24,50.87463850,4.68618430
leuven,/kot-leuven/riddersstraat-7,320,20,50.88554310,4.69281430
leuven,/kot-leuven/wandelingstraat,370,20,50.88093490,4.69867190
leuven,/kot-leuven/vaartstraat-41,1050,90,50.88034640,4.70288370
leuven,/kot-leuven/schrijnmakersstraat-8,330,11,50.88041860,4.70052660
leuven,/kot-leuven/tiensevest-24,375,18,50.88003990,4.71505220
leuven,/kot-leuven/lakenweversstraat-11,555,24,50.87794440,4.70150810
leuven,/kot-leuven/muntstraat-7,460,22,50.87834490,4.70152070
leuven,/kot-leuven/schrijnmakersstraat-6,395,15,50.88041860,4.70052660
leuven,/kot-leuven/schrijnmakersstraat-2,380,14,50.88041860,4.70052660
leuven,/kot-leuven/martelarenlaan-6,350,18,50.87283240,4.71961700
leuven,/kot-leuven/dekenstraat-29,550,32,50.87309440,4.71114840
leuven,/kot-leuven/amerikalaan,415,12,50.88006000,4.69829200
leuven,/kot-leuven/amerikalaan-6,415,12,50.88006000,4.69829200
leuven,/kot-leuven/amerikalaan-6,415,12,50.88006000,4.69829200
leuven,/kot-leuven/amerikalaan-5,415,12,50.88006000,4.69829200
leuven,/kot-leuven/amerikalaan-4,415,12,50.88006000,4.69829200
leuven,/kot-leuven/amerikalaan-3,415,12,50.88006000,4.69829200
leuven,/kot-leuven/amerikalaan-3,415,12,50.88006000,4.69829200
leuven,/kot-leuven/amerikalaan-2,415,12,50.88006000,4.69829200
leuven,/kot-leuven/amerikalaan-1,415,12,50.88006000,4.69829200
leuven,/kot-leuven/dekenstraat-28,550,32,50.87309440,4.71114840
leuven,/kot-leuven/dekenstraat-27,550,32,50.87309440,4.71114840
leuven,/kot-leuven/jp-mincklerstraat-20,335,16,50.88151970,4.69675780
leuven,/kot-leuven/justus-lipsiusstraat-15,335,29,50.87919460,4.71243030
leuven,/kot-leuven/naamsestraat-41,345,15,50.87020890,4.69938130
leuven,/kot-leuven/naamsestraat-25,325,12,50.87003600,4.69936830
leuven,/kot-leuven/arnould-nobelstraat-2,340,12,50.87681710,4.71257460
leuven,/kot-leuven/naamestraat,360,15,50.87571230,4.70841150
leuven,/kot-leuven/diestsevest-14,500,30,50.88476080,4.71115340
leuven,/kot-leuven/tiensestraat-38,560,40,50.87491400,4.71042490
leuven,/kot-leuven/heilige-geeststraat-11,460,25,50.87666630,4.68883520
leuven,/kot-leuven/heilige-geeststraat-12,450,25,50.87666630,4.68883520
leuven,/kot-leuven/hertogstraat-6,350,9,50.86052810,4.69816700
leuven,/kot-leuven/hertogstraat-4,400,14,50.86052810,4.69816700
leuven,/kot-leuven/hertogstraat-5,380,14,50.86052810,4.69816700
leuven,/kot-leuven/vaartstraat-40,810,60,50.88048690,4.70270020
leuven,/kot-leuven/naamsesteenweg-25,320,20,50.85851880,4.69585390
leuven,/kot-leuven/geldenaaksevest-15,235,18,50.87317850,4.71357860
leuven,/kot-leuven/frederik-lintsstraat-8,325,12,50.87305920,4.70561100
leuven,/kot-leuven/joos-florquinlaan,425,20,50.86922290,4.67239200
leuven,/kot-leuven/groenstraat-17,264,16,50.86270870,4.69689720
leuven,/kot-leuven/frederik-lintsstraat-9,385,30,50.87033560,4.70771670
leuven,/kot-leuven/parkstraat-57,330,20,50.87171920,4.70444480
leuven,/kot-leuven/dirk-boutslaan-4,450,23,50.88094800,4.69835820
leuven,/kot-leuven/dirk-boutslaan-6,450,23,50.88094800,4.69835820
leuven,/kot-leuven/gildenstraat-3,550,50,50.87411690,4.71004440
leuven,/kot-leuven/minckelerstraat,460,24,50.88259040,4.70704920
leuven,/kot-leuven/arnould-nobelstraat-4,350,11,50.87674990,4.71248940
leuven,/kot-leuven/kapucijnenvoer-22,360,15,50.87437920,4.69138470
leuven,/kot-leuven/tervuursestraat-29,350,12,50.87770650,4.68588900
leuven,/kot-leuven/remi-vandervaerenlaan-5,480,20,50.87348770,4.69273940
leuven,/kot-leuven/remi-vandervaerenlaan-12,450,12,50.87348770,4.69273940
leuven,/kot-leuven/smidsestraat-4,315,10,50.88419730,4.72480260
leuven,/kot-leuven/naamsesteenweg-225,310,15,50.86195350,4.69592900
leuven,/kot-leuven/martelarenlaan-9,640,40,50.87283240,4.71961700
leuven,/kot-leuven/frederik-lintstraat-8,270,10,50.88151970,4.69675780
leuven,/kot-leuven/remi-vandervaerenlaan-10,450,24,50.87519050,4.69315160
leuven,/kot-leuven/remi-vandervaerenlaan-8,595,22,50.87519050,4.69315160
leuven,/kot-leuven/brouwersstraat-15,235,17,50.88318410,4.69260450
leuven,/kot-leuven/dekenstraat-13,451,25,50.87248320,4.71234450
leuven,/kot-leuven/plebrunstraat,335,10,50.86983950,4.70356070
leuven,/kot-leuven/jbvmonsstraat-1,446,17,50.88375700,4.70956340
leuven,/kot-leuven/diestsevest-8,450,50,50.88476410,4.71110110
leuven,/kot-leuven/e-van-arenberghstraat-2,375,20,50.87037520,4.70145230
leuven,/kot-leuven/remi-vandervaerenlaan-2,520,24,50.87519050,4.69315160
leuven,/kot-leuven/remi-vandervaerenlaan-11,495,24,50.87519050,4.69315160
leuven,/kot-leuven/bierbeekstraat-4,410,17,50.87146190,4.71737940
leuven,/kot-leuven/st-annastraat-2,645,32,50.87846420,4.69675450
leuven,/kot-leuven/vaartstraat-39,510,25,50.88056450,4.70269120
leuven,/kot-leuven/paul-lebrunstraat-2,353,12,50.86972780,4.70371620
leuven,/kot-leuven/brabaonnestraat,370,20,50.87351250,4.70831020
leuven,/kot-leuven/vlamingenstraat-20,360,16,50.87572990,4.70510300
leuven,/kot-leuven/smidsestraat-8,425,23,50.88419730,4.72480260
leuven,/kot-leuven/maria-theresiastraat-22,420,22,50.87777220,4.71114400
leuven,/kot-leuven/bogaardenstraat-12,300,25,50.87903380,4.70778680
leuven,/kot-leuven/strijdersstraat-10,410,13,50.88441060,4.70626620
leuven,/kot-leuven/strijdersstraat-9,410,13,50.88441060,4.70626620
leuven,/kot-leuven/vaartstraat-37,370,12,50.88337690,4.70107170
leuven,/kot-leuven/ierse-predikherenstraat-7,340,8,50.88249560,4.68899790
leuven,/kot-leuven/justuslipsiusstraat-3,330,10,50.87969360,4.71158260
leuven,/kot-leuven/justuslipsiusstraat-2,380,16,50.87962230,4.71160220
leuven,/kot-leuven/tiensestraat-37,360,10,50.87361480,4.71349210
leuven,/kot-leuven/ridderstraat-3,370,13,50.86251960,4.74826280
leuven,/kot-leuven/windmolenveldstraat-12,400,11,50.87335740,4.71327720
leuven,/kot-leuven/windmolenveldstraat-9,395,12,50.87396730,4.71154960
leuven,/kot-leuven/naamsestraat-38,470,15,50.87207350,4.69964600
leuven,/kot-leuven/frederik-lintstraat-7,380,15,50.87316240,4.70566140
leuven,/kot-leuven/groenstraat-16,445,17,50.85438290,4.69653820
leuven,/kot-leuven/brusselsestraat-33,275,12,50.88025310,4.69678930
leuven,/kot-leuven/tervuursestraat-36,350,12,50.87770650,4.68588900
leuven,/kot-leuven/kapucijnenvoer-26,295,15,50.87726270,4.69083190
leuven,/kot-leuven/koning-leopold-i-straat-5,380,20,50.87990060,4.70940840
leuven,/kot-leuven/mecheslesteenweg,460,80,50.91261700,4.70198070
leuven,/kot-leuven/a-bastinstraat-1,420,20,50.87366130,4.68877420
leuven,/kot-leuven/dagobertstraat-14,260,21,50.87602410,4.71356920
leuven,/kot-leuven/burgemeesterstraat-3,350,25,50.88151970,4.69675780
leuven,/kot-leuven/vlamingenstraat-18,230,10,50.87608300,4.70564190
leuven,/kot-leuven/lakenweversstraat-9,385,30,50.87786610,4.70168250
leuven,/kot-leuven/koning-albertlaan-2,240,11,50.87518620,4.72457420
leuven,/kot-leuven/tiensestraat-34,325,16,50.87575730,4.70826960
leuven,/kot-leuven/ravenstraat-16,290,12,50.87859190,4.70913920
leuven,/kot-leuven/tervuursesteenweg-26,305,12,50.87638270,4.68127290
leuven,/kot-leuven/consciencestraat,330,17,50.87157600,4.70132400
leuven,/kot-leuven/naamsestraat-35,320,16,50.87073530,4.69947280
leuven,/kot-leuven/brusselsestraat-27,825,60,50.87955510,4.69949930
leuven,/kot-leuven/koetsweg-4,320,15,50.87451250,4.72985300
leuven,/kot-leuven/dekenstraat-22,240,10,50.87373660,4.70925030
leuven,/kot-leuven/st-jacobsplein,525,23,50.87913240,4.69138360
leuven,/kot-leuven/bondgenotenlaan-9,550,40,50.88066080,4.71214630
leuven,/kot-leuven/jp-minckelerstraat,375,31,50.88315260,4.70643260
leuven,/kot-leuven/tervuursestraat-38,350,12,50.87770650,4.68588900
leuven,/kot-leuven/riddersstraat-6,270,140,50.88705610,4.69599590
leuven,/kot-leuven/geldenaaksevest-11,551,40,50.87175350,4.71200720
leuven,/kot-leuven/diestesteenweg-1,395,22,50.89036600,4.73607770
leuven,/kot-leuven/rapengang-17,350,12,50.87183960,4.70511810
leuven,/kot-leuven/willemsstraat-4,300,12,50.87921640,4.70952720
leuven,/kot-leuven/groenstraat-13,430,20,50.85925220,4.69646580
leuven,/kot-leuven/kapucijnenvoer-21,345,18,50.87603900,4.69058510
